{
  "final_1": {
    "mean_score": 0.890192741804826,
    "score_OB": 0.8347662127041462,
    "score_PS": 0.9175168696496945,
    "score_AB": 0.9182951430606373
  },
  "final_2": {
    "mean_score": 0.8871427807427277,
    "score_OB": 0.8564103724610943,
    "score_PS": 0.9264576340210937,
    "score_AB": 0.878560335745995
  },
  "final_3": {
    "mean_score": 0.885687966941231,
    "score_OB": 0.8055922753053025,
    "score_PS": 0.9178752494130779,
    "score_AB": 0.9335963761053124
  },
  "final_4": {
    "mean_score": 0.8845742311694925,
    "score_OB": 0.8346617801346412,
    "score_PS": 0.9170491863482844,
    "score_AB": 0.9020117270255521
  },
  "final_5": {
    "mean_score": 0.8807557077192391,
    "score_OB": 0.8397531500001343,
    "score_PS": 0.9093945977457873,
    "score_AB": 0.8931193754117954
  }
}