{"linear": [[0.5216855707691241, 0.5201468755393404, 0.5191144113172668, 0.19842510683677717, 0.19621113764551312, 0.15871253094044335, 0.14779720008218666, 0.14833961528449435, 0.15409672782117978, 0.13627652416560454], [0.5216855707691241, 0.5082047658334405, 0.5151964682624302, 0.22664572608157707, 0.21730212690153794, 0.19591071382121916, 0.16974031949413193, 0.15396912589131484, 0.18682315232145763, 0.19782157783068188], [0.5216855707691241, 0.5285162813596322, 0.5405064586294117, 0.21520391617654777, 0.24117269509727213, 0.217425523907401, 0.21890600079749234, 0.20258206008869106, 0.20400151221613938, 0.19464487647850692], [0.5216855707691241, 0.5218721518696943, 0.5281334325596172, 0.21091823034182, 0.22027261959458078, 0.21409668092636425, 0.1882544763926549, 0.23585982013264184, 0.17650006237522065, 0.20376658593085983], [0.5216855707691241, 0.5310669222452588, 0.5282946336824443, 0.2414412927120536, 0.23537245587116729, 0.16892671768933187, 0.13053438849235544, 0.13005992496689756, 0.11416233386166252, 0.15431791174277187]], "mlp": [[0.5029087033990269, 0.40764734554784887, 0.4222394442595737, 0.36059269514908676, 0.3512378558122021, 0.17999448333001522, 0.165590699510355, -0.09137791084985358, -0.5693471740788083, 0.03494866354860349], [0.5029087033990269, 0.3538135694766418, 0.44386417468208195, 0.39350521204855704, 0.2722714842740802, -0.07406088990692217, 0.3237304212047083, 0.3994733633816193, -0.5624035212717118, 0.025831418079343416], [0.510101565130974, 0.04860225413589525, 0.4149879060409639, 0.35360227429175484, 0.018502893554076305, 0.3076947870661082, 0.3558642912626261, 0.1436352468167187, 0.2648807312074908, 0.002751359747134363], [0.510101565130974, 0.43262771016198176, -0.05268963964187434, 0.44562901795556376, 0.43734066182984266, 0.38348114334273986, 0.2237502276443124, 0.021038623535879153, 0.3976805081149163, 0.11562036895005989], [0.5029087033990269, 0.42409180599758234, 0.35665120893043134, 0.42059731810090173, 0.3759394199472489, 0.287388054274189, 0.3308344340626943, 0.31521289492082727, 0.34953228662945446, 0.30719976406086125]], "svm": [[0.4569822097996006, 0.02684055954528286, 0.007301671456376169, 0.0063626828591140105, 0.0022578735337902556, -0.004055473193917747, -0.00701723572427948, -0.00986151297277793, -0.003338459747499023, 0.00176414520712731], [0.4569822097996006, 0.10639901088921677, 0.10968592558641865, 0.10491366989281126, 0.10215948433651445, 0.09976289875654842, 0.11030972992200849, 0.1033260815410475, 0.10947734691016209, 0.10137381156328684], [0.4569822097996006, 0.03460843359188148, 0.0197591283565397, 0.015190696559820638, 0.008322506108534578, 0.017534582062457837, 0.017743555808940492, 0.01345362569004005, 0.022026124643682365, 0.02255029176587331], [0.4569822097996006, 0.027167351828679687, 0.009078118800061596, 0.006493498368795314, 0.005048897215630843, 0.00420514587911891, 0.0033454051606169877, 0.002500342566260305, 0.0052745634646899076, 0.006537328805534259], [0.4569822097996006, 0.02228132454150278, 0.015057636896489202, 0.015975725387711526, 0.017601743049935337, 0.016281002800095146, 0.010085441393471228, 0.004008632516208754, 0.007650852653829476, 0.003150931700936388]], "xgboost": [[0.39529024511353306, 0.44126390666711424, 0.3892194165776588, 0.43049585304241533, 0.43429852763929533, 0.3659955061573864, 0.37689352524355324, 0.34806741108068073, 0.35291408098438215, 0.38473786880192107], [0.39529024511353306, 0.38875954777456356, 0.3748538185048427, 0.37652183735027234, 0.3901433381056265, 0.3683010475426247, 0.40686505191971756, 0.4092161039706296, 0.3702168785462455, 0.39663118633821126], [0.39529024511353306, 0.4429733361200623, 0.3991958546072759, 0.41489747520806, 0.42409195232333907, 0.38398219978174086, 0.4302214086462207, 0.41018607593608913, 0.3773660020198588, 0.4168670532029556], [0.39529024511353306, 0.3800227719580461, 0.3809290258450011, 0.38244662548932573, 0.3660771019914939, 0.34649466912341853, 0.3790515027287904, 0.37659141958378495, 0.3462327593210419, 0.3501688429061842], [0.39529024511353306, 0.39566936497636407, 0.3980086179579577, 0.3900970679534612, 0.41612896501705965, 0.37461351094963247, 0.390103695057882, 0.3915267935033804, 0.3933577625140793, 0.3679678877360335]], "gp": [[0.2484078435149788, 0.2577098635770595, 0.20816320791900766, 0.21566658570402364, 0.21497165245911398, 0.22776649033700958, 0.21121712781482938, 0.21717143252709314, 0.22130006333958263, 0.23621115742972099], [0.2484078435149788, 0.2577098635769872, 0.20816320791899223, 0.21566658570400965, 0.21497165245906302, 0.2277664903370059, 0.21121712781474655, 0.21717143252703475, 0.2213000633396658, 0.23621115742965393], [0.2484078435149788, 0.25770986357702086, 0.2081632079190624, 0.2156665857040454, 0.21497165245901995, 0.22776649033693042, 0.21121712781472424, 0.2171714325269566, 0.22130006333937824, 0.23621115742960963], [0.2484078435149788, 0.2577098635770321, 0.20816320791901377, 0.2156665857040151, 0.2149716524591243, 0.22776649033701468, 0.2112171278148296, 0.21717143252710602, 0.22130006333959484, 0.23621115742974763], [0.2484078435149788, 0.25770986357700476, 0.20816320791880882, 0.21566658570370356, 0.21497165245868888, 0.22776649033668728, 0.21121712781452928, 0.21717143252673565, 0.2213000633391008, 0.2362111574293443]]}