{"linear": [[0.5216855707691241, 0.5250931666841632, 0.5028474644552035, 0.15568638349856934, -0.06628529766904845, -0.35517198275292894, -0.2865343704468406, -0.4660606779403855, -0.5845171648756733, -0.7332462418404222], [0.5216855707691241, 0.5054729992084204, 0.5076974595150399, 0.17022471774715076, -0.027424758277371453, -0.27784008387014714, -0.4084774415629824, -0.47507585487403126, -0.5429028449088034, -0.6448191902949478], [0.5216855707691241, 0.5306425160498791, 0.5331204852300528, 0.1664259652612058, -0.06494248657557566, -0.33781274801637395, -0.22652813430731467, -0.4034980053208561, -0.3238509620112471, -0.38578152188495984], [0.5216855707691241, 0.5269349125784437, 0.49787796548650975, 0.155984715488521, -0.07956300056262466, -0.34869187963737014, -0.5785400669996055, -0.7309222751707782, -0.8747933780707853, -0.9914489367726074], [0.5216855707691241, 0.520551120608145, 0.5068742133351622, 0.15377997052839276, -0.08307185685400431, -0.4665718850446432, -0.7589582553422338, -0.5267472234435391, -0.6528806895287143, -0.5799343391875595], [0.5216855707691241, 0.48859282972395446, 0.5002827157215621, 0.17047946902176803, -0.035089147116171615, -0.21794271958231093, -0.45205555673472975, -0.5827665511265445, -0.6566811561573762, -0.727799777878857], [0.5216855707691241, 0.5024562806716147, 0.5032442091592413, 0.15644077412547208, -0.06875972508788819, -0.4025939500406439, -0.6188585750282756, -0.7197257337074903, -0.5668714752272301, -0.6623980075300167], [0.5216855707691241, 0.5358331280307151, 0.5332492565725243, 0.1854887104784776, -0.05561393914886481, -0.37547682813913585, -0.2804367882522254, -0.5351328720289867, -0.6740805778375447, -0.5682916789688701], [0.5216855707691241, 0.5147165006520891, 0.5077887040426348, 0.15259836289076956, -0.08463193865059337, -0.555877051708362, -0.7237731249116612, -0.8387717701429205, -0.6751976696167354, -0.8118945767836849], [0.5216855707691241, 0.5096343990792606, 0.5136055271864177, 0.18843387778256937, -0.022558637141436133, -0.3069595149874369, -0.5501735467722124, -0.6945252105575936, -0.7304292365510545, -0.7900448841802559]], "mlp": [[0.5140520025475226, -0.0531397924952588, 0.3279508748919, 0.5571712776925629, 0.5228458711518169, 0.5473996925552587, 0.5467778945605739, 0.5510166635382747, 0.5529762343714657, 0.5558944528390601], [0.5140520025475226, -0.5935416553659847, 0.525896092451769, 0.5481436201049352, 0.5142449669377462, 0.5459395099374545, 0.5390203133103104, 0.5530277065227809, 0.5701404255112956, 0.5696962270335674], [0.510101565130974, -0.06340383271075267, 0.50494280627474, 0.5470092032370777, 0.5138621788368767, 0.5444069821442075, 0.555775822236603, 0.5656039941841908, 0.5602249990966572, 0.563291423408907], [0.510101565130974, -1.108362173248144, 0.5445050836100112, 0.5265009912567189, 0.49003139266312734, 0.5462859961725574, 0.5316967246118696, 0.5512904879732282, 0.552491982201005, 0.5599582821052913], [0.5029087033990269, -0.4554897833359972, 0.494139998077068, 0.530519181769645, 0.5060232949999286, 0.5302873606162417, 0.5367150313869837, 0.49875726922783115, 0.5441504871413192, 0.538170515676629], [0.5029087033990269, 0.34039529993316986, 0.5281572412798713, 0.5319004127917735, 0.4714843148337239, 0.5497042241097532, 0.5373160913932071, 0.5650940051825311, 0.5630814952679213, 0.5649117260584208], [0.510101565130974, -0.6235661722093102, 0.5283268545628073, 0.5225509704891217, 0.47284857881833775, 0.5563072724919524, 0.5544626677627258, 0.5544915577606453, 0.5706651576021693, 0.5679599280939619], [0.5029087033990269, 0.32020925495018626, 0.5182852520236966, 0.5281182978717449, 0.5202446919974639, 0.5424038460714018, 0.550565409954934, 0.5565275885044036, 0.5566843926301819, 0.5521802565106575], [0.5029087033990269, -0.49527506779929653, 0.4763592425478703, 0.5342230764564102, 0.5152072670461223, 0.5619438978855285, 0.5574825962708996, 0.5286374462157989, 0.5553269482040677, 0.5311345504589313], [0.5140520025475226, -0.09170699663919923, 0.5348628714282708, 0.5381883206149247, 0.48290340224762884, 0.5390009959251243, 0.5403269836189877, 0.5414803347427635, 0.5466132162503327, 0.5393866840366812]], "svm": [[0.4569822097996006, 0.005666156199845895, 0.021575516560851993, -0.020844960418962444, -0.02413047130580992, -0.02011040140151077, -0.016264207382685525, -0.039865990640274074, -0.02259742249666874, -0.02026788614853947], [0.4569822097996006, 0.012762095247302763, 0.005794825490336941, -0.05222334096625181, -0.05740382229502883, -0.05640411381300847, -0.05795718685287343, -0.05726063937207604, -0.05705248640903693, -0.060280905008605945], [0.4569822097996006, 0.011710574539626872, -0.01582830890681919, -0.03323132130584616, -0.07440304473487425, -0.04574675481738266, -0.008955094703122946, 0.00826166462191169, 0.01618765581955839, 0.0005506505687792318], [0.4569822097996006, 0.008655428688202793, 0.0061340981609177, 0.00990076632478154, 0.012384887619939833, 0.007192754088601427, 0.014945688148918279, 0.002569720938978226, 0.004111902429525527, -0.008030208683777795], [0.4569822097996006, 0.009140491970539788, 0.005362652499013354, 0.019028395286611044, 0.035134871581411264, 0.054715156779969076, 0.06886592382338508, 0.07519980949547367, 0.09139338135414554, 0.09724294879268258], [0.4569822097996006, 0.009643336765722377, -0.013558992142076454, -0.021679718935717185, -0.027728444769016924, -0.026686808123940864, -0.01756537223399879, -0.015353512317951346, -0.012942031942219767, -0.009877165482494066], [0.4569822097996006, 0.013732512526485663, 0.014086199627598717, 0.01325343032517623, 0.0037803158674752924, 0.00932430934397821, 0.021042583712115093, 0.0345967253803926, 0.031041249930501946, 0.0335456153449597], [0.4569822097996006, 0.00670822798934001, -0.009892109057999532, -0.042426046536093054, -0.03788970901906663, -0.022680823882484935, -0.0274425606084161, -0.035989239279915264, 0.02708032701514851, 0.020984433381679324], [0.4569822097996006, 0.015140280911958293, 0.005509671044826914, -0.05580691825830009, -0.06077166890458563, -0.08708374262072627, -0.08539251109988322, -0.3387100768523712, -0.3659669475649858, -0.39343642587496697], [0.4569822097996006, 0.0014531099443266804, -0.034598285904664294, -0.03212351014155668, -0.028699677308996474, -0.019523843476177083, -0.02162559705829148, -0.038068522488893475, -0.044082816702382566, -0.04297733393571934]],