{"linear": [[-1.6479440690174805, 0.6152689054294033, 0.7693992300388742, 0.7835440385023978, 0.7782713210857579, 0.7780286836532537, 0.7736981874490794, 0.783511334806056, 0.788380049917261], [-1.871935318090562, 0.5569615792677495, 0.7354389683798475, 0.7624903341736593, 0.7636364330192408, 0.754685419831334, 0.7525555655486426, 0.7670862822824462, 0.7737018172642743], [-1.741387140639191, 0.6329884770209487, 0.7728835589328857, 0.7928854909334906, 0.7965381109972283, 0.7886126486579298, 0.7889981192647589, 0.7997623819999424, 0.8014984655307248]], "mlp": [[-1.8626607713821737, 0.45445634378361943, 0.7575643841639341, 0.800934410587223, 0.8077930394365704, 0.8037270266608512, 0.8495410685422211, 0.8985210963974714, 0.899914701035883], [-1.8199331488735084, 0.5766010402875803, 0.754182943999728, 0.7836346699553759, 0.7749895057581373, 0.763006757721603, 0.7708884120580757, 0.8849471865867442, 0.9235350459251485], [-1.6891939621806467, 0.33353066061534664, 0.7748171491620617, 0.7644784779957274, 0.7633007242452127, 0.7776987343119173, 0.8115550924435314, 0.8860338212289509, 0.9077447603885953]], "svm": [[-1.5172508683009682, 0.547022604446957, 0.6927727638603832, 0.7989507288234061, 0.8035734898587054, 0.8448137137555911, 0.8810943221602817, 0.8861603728276227, 0.8910321350426622], [-1.9552406725084293, 0.5454197321058014, 0.7282169963754879, 0.8164102678476512, 0.8211198467998804, 0.8430807161058798, 0.8683020031371385, 0.8746969426004759, 0.8769465616526717], [-1.7068514842319225, 0.5391911172483089, 0.7339734058316736, 0.7834501564612917, 0.7983576861810129, 0.8563404018760638, 0.8936715854920115, 0.8905455561162023, 0.894393336003526]], "xgboost": [[-2.3067562843624523, -0.058716784237654585, 0.7247938607338282, 0.8911636602622113, 0.8980226288512352, 0.902104242337582, 0.909362181945776, 0.9157228244442119, 0.923836273077183], [-1.5897233105822925, -0.23443190304368544, 0.052044296520900146, 0.9130490080954126, 0.9127379926506618, 0.9189134328107423, 0.9164512261399459, 0.9259203360637815, 0.9317348535402676], [-2.2201101839946973, -0.3030983587006739, 0.01245754196222737, 0.8863970076579153, 0.8607946165027269, 0.8925859529215341, 0.8839646548240626, 0.8960447745466003, 0.9128249223550631]], "gp": [[-1.5988946544598202, -0.3088311493991638, 0.24265108283405534, -0.596798808891575, -0.9937381369948233, -0.5328202379666922, -0.4785806980977858, -0.21784983519419132, 0.11835886372961912], [-1.9618424663374832, -1.1559111120987233, 0.0415903158726989, 0.2978075282662357, 0.46212857195456924, 0.5244016322478844, 0.4425429592839627, 0.4390346678030451, 0.2979482818999597], [-1.5282143878069352, -0.8335267352384308, -0.006353607045980869, -0.8010681145062417, -2.1280446294580817, -1.9833186076573752, -0.587527585859875, -0.530687479578805, -0.03698383308454822]]}