{"linear": [[0.7674414800830486, 0.7675828142920391, -0.1118443096991919, -0.2279525103089437, -0.40127533976245156, -0.35290132034743915, -0.3353576179545079, -0.4967876163607041, -0.4350593318021536, -0.5767837421464177], [0.7753162542539156, 0.7497758380123729, 0.20406204742480272, -0.3359835497463588, -1.165693408940681, -1.848679109698478, -2.310084405186664, -2.0163009429116836, -2.351247911711803, -2.150039749925798], [0.7642345216232201, 0.8022369939927934, 0.3514912868402813, 0.13706582241900545, -0.2692668179783919, -0.6680781603968644, -0.9062220755807475, -0.8452424303083332, -1.0681966214024476, -1.2436500708503622], [0.7540713820857778, 0.7777150691625268, 0.2249172248780259, -0.4129700851855811, -0.30253192258914563, -0.9866906627543974, -1.4238228474587333, -1.7083605848132986, -1.867301978772936, -1.5108338988218035], [0.7516188971677193, 0.7917211867587353, 0.2854918989244536, -0.18544583665444692, -0.5065352155308036, -0.4542275858531579, -0.6101293640979397, -0.8405335500772766, -0.9954338572264396, -1.1108148657423529]], "mlp": [[0.6376572649977502, 0.4851691997377837, 0.7228608086892014, 0.6762497424945552, 0.6650843364429031, 0.6607702867157145, 0.6795935043488707, 0.6727639923768516, 0.6763530168509566, 0.6793156830757896], [0.6808082090047928, 0.3238977673941802, 0.6432315421782111, 0.6961181736337317, 0.7010029796655501, 0.7300460325217413, 0.7152035958813633, 0.7318945008939153, 0.7402017659869551, 0.7398556519779143], [0.7367612383641169, 0.4665514907723227, 0.7665675009653323, 0.7008760937516229, 0.711761900544446, 0.7290807381351025, 0.7319647383959541, 0.7215192480865771, 0.6883926541800534, 0.7219541366879383], [0.7292691007741083, -0.4276878673211155, 0.6670018000937377, 0.6757560336126562, 0.6811252143345095, 0.6948580571727523, 0.684739652796799, 0.6858607634684033, 0.7139574912841926, 0.7187285967671728], [0.6722547455777514, -0.224764262027358, 0.6777103331779997, 0.5776585693967744, 0.5288609476544814, 0.6680183085864311, 0.6806455234062775, 0.6957670663269824, 0.6843946211550943, 0.6885352440985455]], "svm": [[0.7238752804125984, 0.024107494303235666, 0.00860111484056425, -0.08455639992196651, -0.1107830861026684, -0.12606902997399994, -0.14088706638406712, -0.1353857341714595, -0.13207675919317263, -0.13357611848468975], [0.6330925087383932, 0.021061136029126293, 0.021738873256278102, 0.010584408668421807, 0.01293767085923947, 0.012776724906117254, 0.01719008572965597, 0.01903546792557176, 0.021203125695672953, 0.023902600646363514], [0.7122731066209957, 0.029482939901633753, 0.03231681496025507, 0.058947381595894965, 0.04776954120002275, 0.0804221190986355, 0.04841383665721466, 0.036898796998067196, 0.04530760405611245, 0.03778307279440396], [0.6417610771725588, 0.01526583488780886, -0.0011975031635538258, -0.1748019839121826, -0.17207496506259323, -0.20074131551391594, -0.1627932224273816, -0.16641287908468905, -0.15721319764500108, -0.3648729613641144], [0.6209299984765368, 0.024310340184639845, 0.015013168414959033, -0.006488649804072155, -0.014123170451078915, -0.02451307907385636, -0.03427015627692653, -0.02481602660664861, -0.022809684840604527, -0.2835444070461597]], "xgboost": [[0.4795995949452454, 0.5376725197507385, 0.5006094884093447, 0.44917762159138697, 0.5158025793442644, 0.5648672237646417, 0.5295698398061484, 0.5198042188737665, 0.5399072846850919, 0.5315760161011311], [0.6811222633304919, 0.5606032309984317, 0.5872250512428004, 0.5610971685176699, 0.5383951519154018, 0.6648693525743279, 0.6286022013224097, 0.6134903843752277, 0.6793457225622934, 0.6341308596144071], [0.6462656586161362, 0.56986317396527, 0.6188253948206506, 0.5418558632318738, 0.5549841259504393, 0.549280261037455, 0.4766934229805059, 0.46623087333782853, 0.4273309528990126, 0.41979049277168734], [0.6250836272352696, 0.5913424195648982, 0.5812479839316561, 0.5590877387775252, 0.4962953465402301, 0.6233569318138406, 0.5727012647820315, 0.6111117841647047, 0.48505160969325645, 0.40111001190520823], [0.5690931765769822, 0.5253364049278321, 0.4400535410348274, 0.5074057847821611, 0.49671442228778206, 0.4472191982258512, 0.5359159931557704, 0.5479598601213378, 0.5558749721128775, 0.5922533838303022]], "gp": [[0.6868078195415319, 0.6995919088666105, 0.6927764290457756, 0.692424991770264, 0.6866883727285518, 0.6736859161389037, 0.6830068874789488, 0.6761979633287238, 0.6733461474143208, 0.6816148232696917], [0.7377512224197446, 0.7515965848599813, 0.7704272134017247, 0.766891504365144, 0.7602768168713332, 0.7667761525246142, 0.768222755319442, 0.7640984379114962, 0.7626181563677145, 0.7614264241924256], [0.6658232695850685, 0.6549938379949549, 0.6648648283296617, 0.6630508125464103, 0.6575452264064008, 0.6497807066313774, 0.6659445978913392, 0.6538201898680915, 0.6612016232396408, 0.6620819442197026], [0.6821808436885808, 0.6909609307035227, 0.6968549414514262, 0.69120125236798, 0.6905514637812316, 0.6906475867969493, 0.693088370379606, 0.6992754292659802, 0.6967222759139633, 0.6915686232708834], [0.6368072557089028, 0.6355507133897371, 0.6328547759780307, 0.6467212224086452, 0.6471216523382027, 0.6206970903185524, 0.6261890204555276, 0.6200679116118288, 0.6213917982006862, 0.6226567788379551]]}