{"linear": [[0.5216855707691241, 0.535674887157696, 0.19162598921714014, 0.015740939589689584, -0.004740601643093312, -8.256915142279553e-06, -0.020184015890105655, 0.00575268058857048, 0.010923875399014626, 0.057766709640353464], [0.5216855707691241, 0.536116461300117, 0.1698831902794401, -0.11707098876170297, -0.021470164119109292, -0.0671615898035991, -0.047847069586094415, -0.09915683542006803, -0.05691443469343049, -0.0284105481863548], [0.5216855707691241, 0.5324628786438605, 0.16842232853454708, -0.021535026494972076, -0.07363752509562804, -0.08557794131841567, -0.08850793646481403, -0.09894970760379418, -0.12505382826815148, -0.06374163558789192], [0.5216855707691241, 0.5358864894707387, 0.18500740331537346, 0.010315048624444434, -0.08388901697561946, -0.08630701064407931, -0.08411928448299921, -0.06267932671670962, -0.06610357269789446, -0.07690767576958257], [0.5216855707691241, 0.5315838999426061, 0.16301250861101513, -0.02718191080037391, -0.032536331460683465, -0.08584117983949335, -0.11028577971093845, -0.1652535007060254, -0.1911135700284845, -0.16925643891463982]], "mlp": [[0.5003000536759596, 0.049747120483467966, 0.5324203703220345, 0.5234868468196588, 0.4737184197452977, 0.5395846498282328, 0.5401691712802499, 0.5406984390181246, 0.5495432742451745, 0.539060710254778], [0.45769786518700917, -0.3267774504515013, 0.5015902374115455, 0.5471304178239347, 0.4516704945516805, 0.5461231004790555, 0.5415341276767107, 0.5343367228124136, 0.5543790159068221, 0.5554615478343179], [0.45769786518700917, -0.48989813237669955, 0.49973090493668215, 0.4915903597668101, 0.5156306148323668, 0.5472624543089004, 0.5513671226474313, 0.5508639951954594, 0.5552808191076087, 0.553562092625125], [0.5003000536759596, 0.35073373679907727, 0.5227579920357439, 0.5131952029458884, 0.5199563981488525, 0.5324348112577781, 0.5491976415544644, 0.5536545688354422, 0.5511993588567801, 0.54929665405481], [0.45769786518700917, -0.2905595693778371, 0.5193753220581319, 0.5140116222423203, 0.49364161071232415, 0.545060277320375, 0.5487233021061583, 0.5408406991353367, 0.5457156293525943, 0.544510991595617]], "svm": [[0.4569822097996006, 0.012297226428244934, -0.0075138261208802515, -0.05955313607525192, -0.060472068373973675, -0.049044985139646835, -0.05238928522729802, -0.051886768691164376, -0.055500314592895617, -0.05585320813097727], [0.4569822097996006, 0.01087008292829994, -0.003456098355020698, -0.016985677295405566, -0.005273627980917128, -0.0183896457435766, -0.003993747667399683, -0.007026405840217187, -0.009021564023411699, -0.009852465555977075], [0.4569822097996006, 0.01565888684932626, -0.006464655384853968, -0.01272482907540362, -0.02015841817593178, -0.018067625217591754, -0.026887350677386346, -0.0499749382051522, -0.05052888877742667, -0.04495345298334552], [0.4569822097996006, 0.016912149658006026, 0.011876150718211131, -0.0080604396824826, 0.019423780895790443, 0.02395614967599702, 0.01991659503900034, 0.03420974774586383, -0.010471616501924519, -0.02454101785978202], [0.4569822097996006, 0.0033474320078256126, -0.011589663761873759, -0.013790267333719575, -0.015373419367578744, -0.015930580275302253, -0.015146089689002551, -0.011613346136570168, -0.012646730110352111, -0.013821461217479625]], "xgboost": [[0.39529024511353306, 0.3975340751292321, 0.40841571705024415, 0.3480379194973191, 0.3460427488557434, 0.39001885744582454, 0.3561544948770853, 0.38334342345324723, 0.3798065668816297, 0.38166690627330724], [0.39529024511353306, 0.405022296324584, 0.3844373029604461, 0.37438551738961645, 0.31142760311984385, 0.331041133927624, 0.37691714065938065, 0.3346568691054992, 0.3615139239800985, 0.362559823798282], [0.39529024511353306, 0.3622186842893589, 0.387301531610178, 0.35987703096208645, 0.35837820739789583, 0.37967842349778147, 0.3790666260787051, 0.26725587286322916, 0.35810083786827285, 0.3436562273546222], [0.39529024511353306, 0.3773168946370421, 0.38802855222162, 0.3503681198045019, 0.3720877148924959, 0.39728988677849986, 0.3755262834771984, 0.3871988627859917, 0.3912528750101284, 0.36422048398085116], [0.39529024511353306, 0.4018072367570841, 0.4233601320297038, 0.38183289653171915, 0.339899694478333, 0.37496629345912136, 0.3638351073506617, 0.3730403451885853, 0.3095259480987076, 0.3956841575455232]], "gp": [[0.2484078435149788, 0.22191294631138947, 0.25513424860051215, 0.23085781387992388, 0.23644385205972995, 0.23972046186388718, 0.2406130414259655, 0.23367731557747617, 0.23038722122459165, 0.23603146657023388], [0.2484078435149788, 0.22191294631168434, 0.2551342486008964, 0.23085781388054716, 0.236443852060092, 0.23972046186469664, 0.24061304142727657, 0.23367731557870453, 0.23038722122650035, 0.23603146657149776], [0.2484078435149788, 0.22191294631194003, 0.25513424860121137, 0.23085781388068893, 0.23644385206035212, 0.2397204618647224, 0.24061304142648243, 0.23367731557821625, 0.23038722122569721, 0.23603146657099006], [0.2484078435149788, 0.22191294631156222, 0.2551342486007655, 0.2308578138800037, 0.23644385205949858, 0.23972046186353868, 0.24061304142640827, 0.2336773155774956, 0.2303872212248932, 0.23603146657043494], [0.2484078435149788, 0.2219129463115732, 0.2551342486009335, 0.2308578138800199, 0.23644385205958363, 0.23972046186423257, 0.24061304142661855, 0.23367731557855054, 0.230387221225971, 0.23603146657210827]]}