{"linear": [[0.5216855707691241, 0.517129839638031, 0.5144843185054224, 0.19462326953845888, -0.0469582037645313, -0.3536102396262084, -0.5422574088753904, -0.6869772256193463, -0.7774228374310257, -0.8689349010122276], [0.5216855707691241, 0.5254556583431762, 0.5213256859778356, 0.1791558045056193, -0.025189753990052743, -0.2715903893659375, -0.4747141168018505, -0.5220856701389509, -0.41790556140405255, -0.3307356282043412], [0.5216855707691241, 0.5206314158449756, 0.5266904064352453, 0.1821393068881444, -0.02586940663945181, -0.37294564627330695, -0.2026018603545494, -0.3673472997121119, -0.2238648527849958, -0.20037143564169413], [0.5216855707691241, 0.5012547094728579, 0.49364904260812215, 0.17417935859632006, -0.027167958985876206, -0.227175301188125, -0.43506339734118926, -0.5559788766100713, -0.6515340794879869, -0.7181582156157944], [0.5216855707691241, 0.4933779061858158, 0.49019931916869863, 0.1700888904729856, -0.036107464640794174, -0.3604672465283618, -0.2618889200161212, -0.2496959481243477, -0.22163377306714604, -0.21821427950193684]], "mlp": [[0.45769786518700917, -0.06267873029152837, 0.477671649286461, 0.5344950323714255, 0.4987710380277528, 0.5374843064433292, 0.5415795197501487, 0.49044130899554195, 0.540489847496461, 0.5458368949355279], [0.45769786518700917, -0.4631198066414193, 0.5170293112044557, 0.5216107917013398, 0.4893305682033744, 0.5392564182312809, 0.5371854793671852, 0.5287250623476885, 0.5562617320549307, 0.5367524640685082], [0.45769786518700917, -0.05981918629483829, 0.543037480066321, 0.519549767078233, 0.45008348908175966, 0.5360509009636323, 0.5491271899669677, 0.5511413181124021, 0.5563705326860827, 0.5506479763621319], [0.45769786518700917, -1.1381902529703165, 0.502161764876698, 0.5130079176056086, 0.5257455302035388, 0.510558013608429, 0.4756170885372393, 0.5174965578147248, 0.5235366004475205, 0.5296535305812569], [0.502166851841978, 0.46850110323547123, 0.5024379084973278, 0.5049141125666281, 0.47974530164729456, 0.5328929920515222, 0.5412542898223065, 0.5313525351979886, 0.5580572252503819, 0.5454493779071006]], "svm": [[0.4569822097996006, 0.00814772158919308, -0.0016751231025211588, 0.004833487496831768, 0.01337256324867031, 0.008594810667472697, 0.013315349830927747, 0.01736583057421337, 0.017849874401779764, 0.02187876347963924], [0.4569822097996006, 0.003005619727238562, -0.009391051818455898, 0.012259199533430465, 0.019062254527452582, 0.008442649288852966, 0.009428737674391896, -0.0015338784214522505, -0.06871599509410253, -0.11835371408332107], [0.4569822097996006, 0.012679940284532898, 0.015460867850097593, -0.003947700686203648, 0.005407202812167333, 0.0007053521835539422, 0.004243442106956374, 0.008680823740045418, 0.011094998718787608, 0.019392773559335108], [0.4569822097996006, 0.007108761778038097, 0.013405346231166737, 0.005476324474169014, -0.05728488926737296, -0.046035455387863244, -0.03995660935788092, -0.046040901225148145, -0.06866772592140413, -0.07267612477469809], [0.4569822097996006, 0.01586705392492127, 0.01352810223513623, 0.009331291554486199, 0.005264888811214119, -0.016542606993720677, -0.11673532678381249, -0.10471651329415166, -0.11584529961870937, -0.1295072170880749]], "xgboost": [[0.39529024511353306, 0.378206616144105, 0.31881400207893695, 0.34435860681064434, 0.33140281442314623, 0.3567146232285514, 0.308481987048157, 0.3345580739658892, 0.27184906840066336, 0.3008850280551436], [0.39529024511353306, 0.42453013937130823, 0.3752946370966682, 0.41562807459481643, 0.42833861768368287, 0.38334622491132, 0.3796953526817566, 0.3917254156758099, 0.4468149664428508, 0.4311763933229581], [0.39529024511353306, 0.3924612693767462, 0.40721892910294044, 0.33774247757713893, 0.34389452094135364, 0.36769088352657353, 0.359272181997078, 0.3222148730465777, 0.3619735810751509, 0.3824003363552142], [0.39529024511353306, 0.4087400811587827, 0.39899971522991284, 0.3322746026056129, 0.372340964626681, 0.2786947275069913, 0.3224940341985587, 0.36998032920347323, 0.26922472578626544, 0.21317301368625874], [0.39529024511353306, 0.38883042051444916, 0.4127171550879466, 0.3061358286314456, 0.3216198540365629, 0.3927062134007001, 0.38616282922370726, 0.39814689090860433, 0.4213411105739979, 0.4112557181969062]], "gp": [[0.2484078435149788, 0.22191294631165925, 0.255134248600946, 0.23085781388029347, 0.23644385205967566, 0.23972046186416363, 0.24061304142609374, 0.23367731557754812, 0.2303872212248349, 0.2360314665701051], [0.2484078435149788, 0.22191294631121705, 0.25513424860054534, 0.23085781387999993, 0.23644385205996898, 0.23972046186463358, 0.24061304142701634, 0.23367731557784033, 0.23038722122582456, 0.23603146657096408], [0.2484078435149788, 0.22191294631173952, 0.255134248601102, 0.2308578138805123, 0.23644385205998153, 0.23972046186468265, 0.24061304142684636, 0.23367731557855864, 0.23038722122638522, 0.23603146657179563], [0.2484078435149788, 0.22191294631141856, 0.2551342486006758, 0.230857813880342, 0.23644385205946472, 0.23972046186411256, 0.24061304142685247, 0.23367731557808036, 0.2303872212253174, 0.23603146657100427], [0.2484078435149788, 0.22191294631151992, 0.2551342486010182, 0.23085781388062232, 0.23644385205992702, 0.23972046186454343, 0.2406130414267531, 0.23367731557821814, 0.23038722122520383, 0.2360314665701303]]}