{"linear": [[-1.9945906405639162, -1.1617716807243945, 0.22119225294374711, 0.4780794830905004, 0.6096152815058566, 0.6760708389031386, 0.7013203598547069, 0.7064677366935381, 0.7001689104253699, 0.7130449519013529, 0.7534032169873244, 0.7823225724244228, 0.7910026911196641, 0.7920329367938574, 0.7917757035148482, 0.7906411590319278, 0.7906608752301598, 0.7852435430308894, 0.7836184781935821, 0.7848997337883881, 0.7875505585389788, 0.7887140199470142, 0.7822280328440757, 0.7781244779110932, 0.7747945608439779, 0.7724867725153488, 0.7655125449042003, 0.7696351644803813, 0.7666825781984097, 0.7681565966161817, 0.7725425985089472, 0.7742377249574708, 0.7785088680885143, 0.7776090305585981, 0.7803120106766077, 0.7839074078275168, 0.7891058426154243, 0.7896052968137373, 0.7931378559839711, 0.7973261669211934, 0.7991485567565993], [-1.6492900635486873, -0.8945866065868353, 0.31913307533717217, 0.49356659291136773, 0.6277005678661084, 0.678560702779109, 0.7023646656557855, 0.7053224336033816, 0.7064184314729687, 0.7081127394695709, 0.7458517497720996, 0.7670628535387525, 0.7675387810718624, 0.7691753492556193, 0.7691600483243249, 0.7706504549099064, 0.7713475453718412, 0.7719996870638725, 0.7736695875867093, 0.7759734643268976, 0.7772934415092048, 0.7768888705621001, 0.7788593859555828, 0.7779041180245037, 0.7767358270305229, 0.7757447860173213, 0.7741274338035046, 0.7739039823493536, 0.7727075391148033, 0.773196878654264, 0.774460062582092, 0.777976889580653, 0.7798874071407338, 0.7828133160872508, 0.7841176504236083, 0.7859708790256498, 0.7851847341532892, 0.7843114677440994, 0.7847537517118013, 0.7839737129305399, 0.7814416013587527], [-1.657007746382635, -0.7897879578753346, 0.31283322120045176, 0.48877482771344805, 0.6366282584985445, 0.7067691357191521, 0.7408852095719725, 0.7468893146691746, 0.7449687297176699, 0.7483581115173894, 0.7655238984360001, 0.7787665795887926, 0.7807635556296829, 0.7816618865308662, 0.7806655561092225, 0.7797763850622317, 0.779444895573096, 0.7799271583931646, 0.7813840395138794, 0.7835947120049522, 0.7838489622036687, 0.7840333785763349, 0.7813561586175067, 0.776592106679024, 0.7746292584676142, 0.7714209972075755, 0.7667705032997865, 0.7670226405237647, 0.7682009581323651, 0.7702402653363651, 0.7710521786523571, 0.7714735328203484, 0.779431951902383, 0.7819245191029669, 0.7840278960388387, 0.7860983620083108, 0.7877500078596917, 0.7876773574215586, 0.7899395856611172, 0.7920751907768026, 0.7915052519510997]], "mlp": [[-2.0712905284303074, -1.053332436917449, 0.14379945968989938, 0.3911953336465481, 0.507136767140284, 0.6565784007703173, 0.7020655928101641, 0.7100835274576682, 0.7304020747749054, 0.7482924410356573, 0.7483098670566326, 0.7734269967841738, 0.8001238666460199, 0.7764189903704137, 0.7864605818419849, 0.7870774678220183, 0.7821505313300221, 0.7843849907149862, 0.7813071511812113, 0.7726788081651327, 0.7635944452089762, 0.7888397453490512, 0.7732976420176385, 0.7645503764819439, 0.7768821202906827, 0.7907583667852358, 0.7969094891309456, 0.8015112070244671, 0.811438032932601, 0.8274077103514743, 0.8383155921008469, 0.8411766665839983, 0.8799155407457613, 0.8589381407879468, 0.8783975247136995, 0.8811028545000874, 0.9112427602464189, 0.8889253308778309, 0.8983324838814837, 0.8988496583261345, 0.9086019618793918], [-1.777633700630643, -0.7446291396003719, 0.2843245955015675, 0.3864359961198909, 0.6277467296000563, 0.7113965564307054, 0.7488371603264925, 0.7402012065120664, 0.7492659307961647, 0.7630513703001799, 0.7686361998615958, 0.7739681556577557, 0.7814207917812698, 0.7794572770411432, 0.7872932429250272, 0.7882603072818002, 0.7876528653757907, 0.8000073083452993, 0.7820080642943017, 0.7755450563854842, 0.7866040144362816, 0.7657087069398537, 0.7835306053200084, 0.777779466816723, 0.7970560853410376, 0.7960110452286911, 0.8022085705489601, 0.7981521995034823, 0.8053885173065177, 0.8147351614309348, 0.8363856722868681, 0.8439393524853184, 0.8726815529420563, 0.8672060737894296, 0.8744838469576477, 0.8842375931908145, 0.8992652375404026, 0.9033800805524489, 0.903009134832487, 0.903989554356389, 0.9075337205048283], [-1.575806063518435, -0.3030544469006504, 0.2525840687815235, 0.45712271158072404, 0.6192883510806334, 0.6911339302436191, 0.6875971863165274, 0.6915228454936782, 0.7277164300166793, 0.7205594398761213, 0.7531848788672377, 0.7604187507850204, 0.7658282945395475, 0.7674862233925357, 0.7398810222818105, 0.7535352567312844, 0.7587592609676193, 0.7623373804197235, 0.747050624302847, 0.7472408019107812, 0.7431861362940188, 0.7640319602162294, 0.7698746308776201, 0.7652571086576898, 0.7565613888015508, 0.7818922900927365, 0.7822081688095592, 0.7796058366138443, 0.7870745390447278, 0.7971605841597202, 0.8186922694892103, 0.8280587845927025, 0.848498684543186, 0.8462347195596958, 0.8712401653987749, 0.8798185692544778, 0.8719273460176328, 0.8805206686551079, 0.8818423720246291, 0.8795074400669711, 0.8904968663266637]], "svm": [[-1.4917815242700359, -0.06805463546002244, 0.4470476254112893, 0.5662665414888615, 0.6569438792037126, 0.6762035632876751, 0.748637595910394, 0.7609696462815576, 0.7900174732294039, 0.7930419236541018, 0.79526975079318, 0.7929671237887888, 0.795776499130778, 0.7965743347347201, 0.8020802354991703, 0.800409081251617, 0.8027757023043457, 0.8072643077983985, 0.8058279518162516, 0.802425058439547, 0.8111231013483582, 0.8084745920249921, 0.8383017832499593, 0.8671108583452382, 0.872713417570566, 0.8771672940442783, 0.8813501351058911, 0.8884296008077724, 0.8932233068120223, 0.8995824027884188, 0.8989528769043758, 0.900594243924265, 0.9072524900702937, 0.9096168184860439, 0.9107000200163016, 0.9125018929727726, 0.9136206523591635, 0.9161632365415815, 0.9171827187140051, 0.917638147376918, 0.9194954941456507], [-1.405081895757574, 0.1647116859224642, 0.5062459438668552, 0.6244682696297367, 0.6855536631082777, 0.7126874095286154, 0.7672809995805662, 0.7854770098911705, 0.8010724692243323, 0.796817734583346, 0.8179399533477009, 0.8188565186728686, 0.8187369589095717, 0.8214936775586782, 0.8223567190416835, 0.8225834669906121, 0.821873400393899, 0.8212180926678522, 0.8209852811877931, 0.8218952473524153, 0.8209688511413684, 0.855683425213575, 0.8507235418844191, 0.8708551785341044, 0.8803085480583601, 0.8874085612080783, 0.8880232344965802, 0.8960029009170883, 0.8972614445863026, 0.8976912697845431, 0.896904298222196, 0.8988091582028145, 0.8990141575428683, 0.8999389098466606, 0.9020792787691434, 0.9059514674326425, 0.9060197339829827, 0.9106226762310919, 0.9114840569572171, 0.9133098501501962, 0.9145212604629571], [-1.727991142788, -0.21232046914301117, 0.3055372319950279, 0.42641222367699005, 0.5742801656635845, 0.6687195480064143, 0.7302964334809614, 0.7523218647254811, 0.7886740835555737, 0.7949994216703569, 0.8282247493963752, 0.8365746174469426, 0.8350661143958191, 0.8338848584401113, 0.8335011504234994, 0.8315320840802595, 0.8356625569809517, 0.8373856238930606, 0.8336081468544589, 0.8343513468991067, 0.8331143036909835, 0.8319080240965193, 0.8366697659226974, 0.8625365644472762, 0.8865973547060153, 0.8992537016283421, 0.9056308762613312, 0.9160544924929693, 0.9151060777461114, 0.9183442639569608, 0.9173667051717658, 0.9188410806683236, 0.9210901209762845, 0.9193869705353834, 0.921335189574847, 0.9257872437897866, 0.926348338121144, 0.9290121160289879, 0.9293003421719086, 0.9292822924665118, 0.9295950363822814]],