{"linear": [[0.789107092565404, 0.8024977616160882, 0.5168075465892572, 0.41483333733595396, 0.36577304854793946, 0.366628922800049, 0.3492825783109591, 0.38486435498585214, 0.382968295529875, 0.41120430853405077], [0.776999913712456, 0.43917099109341917, 0.37134769009838975, 0.39866180592756073, 0.22160264307641309, 0.22882531388793548, 0.2869234250925675, 0.31019836233658804, 0.30297881838393015, 0.29106279443472916], [0.8204527613491182, 0.6009696385125205, 0.6003584221765634, 0.43231101818223094, 0.33510945074935117, 0.2973826620300559, 0.25781189115643277, 0.2310344193975311, 0.31002510978522835, 0.30120099760000774], [0.7036776593151065, 0.5552847254396563, 0.5489578245012816, 0.5523295176686274, 0.547992321192383, 0.5517894417103884, 0.5647103342917499, 0.5634641019917503, 0.5607253018862879, 0.5670821860745416], [0.7152732728688688, 0.7165901868527531, 0.2587492859025966, 0.27887710827723333, 0.17952428606018356, 0.13929381117766615, 0.15910128610874175, 0.22411760514477752, 0.23174735850685735, 0.23682236356516928]], "mlp": [[0.6386989241806309, 0.5421255369620941, -0.06339910376422453, 0.4049395885771858, 0.43336549586304507, 0.14192908430718743, 0.3569414889593088, -0.37583805138289716, 0.03144904148287919, 0.2633350031360737], [0.7202224388139912, 0.6691306918630425, 0.45032531481172544, 0.37836876622952553, 0.029806768023704522, 0.5797208130004259, 0.4128198842491948, 0.5464979011393191, 0.3864373030558701, 0.351245547245826], [0.7432471469201478, 0.6225554950770265, 0.6426845981004512, 0.30829606561471623, 0.2148302687095468, 0.47518384029135263, 0.25753844844727714, 0.02959896262260031, 0.5774020511468767, 0.3610027351590438], [0.698824897934728, 0.6260797151052357, 0.5391586444873613, 0.5236853282029952, 0.5311529234635076, 0.47539007607171013, 0.38416011631888924, 0.4301259834586513, 0.295457852237762, 0.40061523662487153], [0.8023281037206135, 0.3950122741758063, 0.6296488684099233, 0.7013207645460564, 0.5799468936417576, 0.3079856803786106, 0.0824522759640326, 0.5397998307444387, 0.6201474160150973, 0.5422658276427668]], "svm": [[0.7163890960843711, 0.03477377752140365, 0.0007329446305055498, -0.0040527229674420795, -0.002996701344589958, -0.003871439836505175, 0.009181204799485143, -0.016947409266402813, 0.004022937526596104, 0.0022148531427952367], [0.6469353486600672, 0.09003305953394447, 0.03725887085077184, 0.049515853250319486, 0.051570309815546334, 0.04824532455305064, 0.048304003288788366, 0.03673766832974823, 0.026437556664626216, 0.03906559463492598], [0.6432878044948076, 0.08204481286881471, 0.07064498003844366, 0.07535209894725303, 0.0859535602093584, 0.07759037797870272, 0.02837362733543658, 0.03676082837414918, 0.037464068474253764, 0.04362883922783978], [0.7032538047897103, 0.12052225967833952, 0.049001178811184376, 0.035020840789637075, 0.033780142407282, 0.02079783398513957, 0.019361547788900535, 0.018123634659884535, 0.01608173970805138, 0.013518296525841023], [0.593356011190816, 0.06215882144612628, 0.039420006027449994, 0.03378497014125137, 0.017199335649201175, 0.014709633070065453, 0.013284222655584488, 0.012264253378412526, 0.005092585823965101, 0.0017644048017808611]], "xgboost": [[0.5459915086135565, 0.6029701142302504, 0.4409059788857609, 0.5438717683724859, 0.5234255841072823, 0.5935973890037997, 0.5278277960499917, 0.5736978784411331, 0.5490700151502428, 0.5517116886449802], [0.6525239361350385, 0.714679407044959, 0.6586340565776327, 0.6583108168021823, 0.6754920270251575, 0.6798560204643773, 0.6822187617235558, 0.7220255897955055, 0.6737706025145108, 0.6682450720185611], [0.6466584601702801, 0.6134735475585483, 0.43964096904280037, 0.5353147769314812, 0.47470277293207197, 0.5517824848873982, 0.503303234002467, 0.5204825328336984, 0.5194969312475974, 0.5043589259565403], [0.6703598819528072, 0.7114274692534575, 0.4333856306839935, 0.5423586983545299, 0.3472650520840983, 0.4708230047363058, 0.4251459626714922, 0.42839672436442, 0.5012623879791138, 0.4816474443994595], [0.5517342788159361, 0.6052465778100831, 0.5448661315162686, 0.5821955643923812, 0.6815283660692961, 0.6743541085430147, 0.647660430038, 0.6626053561146853, 0.6416093866774781, 0.6919093960000701]], "gp": [[0.5915873919413639, 0.5918564315111388, 0.5919360201016617, 0.5928451065373697, 0.596143958459319, 0.598688799562823, 0.5992043969725662, 0.5932360190399897, 0.5869200860119818, 0.5926049179850318], [0.6264783728476638, 0.6359001862751537, 0.6312479882648747, 0.6271379781610775, 0.6366875825504461, 0.6364754212626198, 0.6299609199038525, 0.6258249168371938, 0.6319116857345799, 0.6324285764090487], [0.5954896043648816, 0.6172058078381122, 0.6102646662806888, 0.6060219710778717, 0.6030931012285288, 0.6085316225868299, 0.5847518866145612, 0.5707621037789063, 0.5877777722643165, 0.5874783909228065], [0.6825240388908687, 0.670785668883352, 0.6874362584446396, 0.6712521686500429, 0.6683743026814035, 0.6668633442090923, 0.6788475794324591, 0.6664012620939879, 0.6773445006018728, 0.6635264538669783], [0.5721172958765619, 0.576811842307843, 0.5736382857438074, 0.5631230012520343, 0.570108030673478, 0.5711322960324476, 0.5796193056034227, 0.5796183014873656, 0.5791257681207445, 0.5881546428389952]]}