{"linear": [[-1.223347495318401, -0.25695133117061375, 0.345680445958236, 0.5534950513570396, 0.6533733662490692, 0.7160744765493096, 0.729818099459512, 0.7331049556219738, 0.7358427448928833, 0.7361528866420658, 0.7443077082954042, 0.743980224985221, 0.7416483071922353, 0.7422708059637634, 0.7450629623778082, 0.7458048873077421, 0.7472989137481115, 0.7481033046334687, 0.7440852800088678, 0.740756326865706, 0.738161974545924, 0.7410468467760953, 0.738865337737956, 0.7295803124009357, 0.7388710567933603, 0.7350505529348904, 0.7367285875755654, 0.7321993631276649, 0.7401816387131017, 0.7406556056289617, 0.7414144842355255, 0.7474630372197864, 0.7485619355180979, 0.7508385364167092, 0.7530723784886258, 0.7555991066019199, 0.7577893049576317, 0.7570148398737205, 0.7546429437463084, 0.7506544540451872, 0.7484843696178635], [-1.6757031692199482, -0.44988254226647095, 0.3233075574783636, 0.4806225832252352, 0.6229934868854714, 0.7048898523465841, 0.725512000130019, 0.7300076884222874, 0.7302108953997473, 0.7321872571837373, 0.7411393331181312, 0.7456168166638615, 0.7429636707565155, 0.7410184370637234, 0.7435555160834123, 0.7440728210149383, 0.745084666074175, 0.7490047296350435, 0.747348927097559, 0.7453372980646944, 0.7455991649315838, 0.7466120351211099, 0.7413286676994008, 0.7374326932894377, 0.7399584803453715, 0.7371261800238722, 0.7326513061687626, 0.7357443711754836, 0.733165887562852, 0.7368474307383724, 0.7367277574688211, 0.7416714319335491, 0.7444989952859709, 0.7479139195713804, 0.748978273632994, 0.751482561917466, 0.7543688360771459, 0.755708097979265, 0.7582038371102797, 0.7599815489252377, 0.7602586914188826], [-1.248969509015652, -0.2813375201414188, 0.23698414622169506, 0.46216216984235114, 0.6046197555103245, 0.6898803946576888, 0.7267170315396411, 0.7442444985102113, 0.7474965224622371, 0.7484369771663296, 0.7610314682927315, 0.7675659851040085, 0.7703048147521194, 0.7702092219680012, 0.7747443913036747, 0.7769932350206179, 0.7765009490984389, 0.7778344855189966, 0.775753344547242, 0.7720720432085054, 0.7709987434109267, 0.7726394003635835, 0.7701078360737386, 0.7618977302462119, 0.7802728521123083, 0.7783442734987001, 0.7732068600980432, 0.7788742218586175, 0.7764221400356452, 0.7811414171028205, 0.7795917858459547, 0.7833416507040656, 0.7833208507167408, 0.7891610317164461, 0.7909267506284181, 0.7936000872464076, 0.7950281715542491, 0.7952662133038255, 0.7933660846165822, 0.7902999049531544, 0.7872808202071525]], "mlp": [[-2.1366066996886213, -0.6290936123148041, 0.23391408928167834, 0.3250007937117514, 0.5256179236554803, 0.599658378930287, 0.6751881009175462, 0.7012616789274984, 0.7145318036680813, 0.716658749254721, 0.7388694555114452, 0.7346071349044854, 0.7618975510808863, 0.7504401175214972, 0.7507804014926075, 0.7727382555348405, 0.7932881180139673, 0.7792982286792637, 0.7637035010814853, 0.7627563223281256, 0.7511381259245847, 0.7643620429439623, 0.7418325140331272, 0.7543403145592971, 0.7548144013264279, 0.7746944225022414, 0.7650648012600014, 0.7624703175881217, 0.7610419217012354, 0.7904352730566278, 0.8355108419945529, 0.8327372893235159, 0.8372537382166232, 0.8637050565078865, 0.8959559881570829, 0.8985280781742202, 0.9141215992721363, 0.9106443620589003, 0.9048022959042195, 0.903869963805574, 0.9155396192796463], [-1.1605558226380697, -1.15950962002875, -0.10910771728309987, 0.34291500666829655, 0.37649595440593797, 0.6123419363315448, 0.6792775598563623, 0.710906744476383, 0.7298051334851281, 0.7451595923103913, 0.7702986611971194, 0.7720284109119468, 0.7830169896740528, 0.7877628446763923, 0.7876436436989954, 0.7910635764523675, 0.778424073289596, 0.7868963346681581, 0.7756165821606864, 0.7839878015612006, 0.7799671334260015, 0.7945797490300063, 0.7908403961529664, 0.8019465748076412, 0.7984833382701357, 0.7837270086144742, 0.7955694194927762, 0.793499497887506, 0.8038386882387697, 0.8235100140156206, 0.852919680011409, 0.8490607014692264, 0.8611118745850561, 0.8549918413875629, 0.8691723303938435, 0.8807352835519684, 0.8938531980928114, 0.8937331304210057, 0.8937522504399877, 0.886665571383924, 0.8966462564627214], [-1.5096546752303341, 0.2944267431997414, 0.6736255557949928, 0.6971916928194696, 0.6956479471642776, 0.7953126681071119, 0.8129608578908439, 0.8200295295588356, 0.8271933233226867, 0.8268438311054911, 0.8293157833041471, 0.8350903629113493, 0.8358054516560083, 0.8421128798671385, 0.8386252775683046, 0.837160444949383, 0.8388685158964514, 0.8378899408930169, 0.8353590038557713, 0.835181708623871, 0.8340384814551394, 0.8378188930971454, 0.8344336452986525, 0.8336004744332196, 0.8439249223582701, 0.8511737957891328, 0.846815510806314, 0.8542725153347763, 0.8604768717230635, 0.8698016228272996, 0.8751543867194462, 0.8846593668612375, 0.8834678404355719, 0.8873998272816658, 0.8958967316179535, 0.8964299022472204, 0.9030021177897247, 0.9110943664985784, 0.8990030177538471, 0.9078258337064844, 0.9115661481682059]], "svm": [[-2.043964760418144, -0.1750812548101357, 0.37783924147198034, 0.5088480084271974, 0.5810431806894905, 0.598841687991392, 0.6561811602969174, 0.6766270228146556, 0.7046260520297223, 0.7054400837532354, 0.7253157219278307, 0.7182220120709103, 0.7364429995584112, 0.7395101146326981, 0.7343239118306844, 0.7306913325889113, 0.7252605850649964, 0.7363997666206907, 0.7373689999808042, 0.7397748047248953, 0.7460384339225885, 0.7641995373198962, 0.7592536100912, 0.810922058231814, 0.8299026899228807, 0.8408074518772113, 0.860132410476499, 0.8756919460451614, 0.8800885176430551, 0.8839045407068467, 0.8860821771017465, 0.8882952700963435, 0.8906450822713465, 0.8933810732588664, 0.8951659768155383, 0.89676537762589, 0.8978582559277943, 0.9007004252067662, 0.9086754104901402, 0.909142286013095, 0.9089386136936024], [-1.3137206792108556, -0.06319195038443093, 0.3994986737439541, 0.5936396422963741, 0.5992194208390682, 0.6708276240391474, 0.6854703896952086, 0.6871892595538499, 0.7501319071859854, 0.751003025472586, 0.7507368491081959, 0.7496650238497373, 0.7588394749284765, 0.7603716723314694, 0.7631752343907252, 0.7644334073241881, 0.7595176070281652, 0.756928284618167, 0.756077479507013, 0.753628801676812, 0.753458665048129, 0.7665402128670571, 0.7915609846643834, 0.8097665487391993, 0.8307031775517026, 0.8428135712499369, 0.8610401737209777, 0.8690232702296747, 0.8811407575740222, 0.8869453850281199, 0.8895848549446954, 0.8920269672309841, 0.8914458389382796, 0.8916089669139862, 0.8938558252432862, 0.8959372797677324, 0.8975871081869835, 0.9018914044818583, 0.9025531019197309, 0.9015090712850307, 0.9021924752372799], [-1.1573359853350018, 0.19600974969157658, 0.5069216744895066, 0.5848255044662056, 0.6402052650452923, 0.7452450727471611, 0.7455192134004149, 0.7694214623926946, 0.8082144992672742, 0.8243277748746333, 0.8317325897303338, 0.8314833127051842, 0.8297322033354169, 0.8328700976353417, 0.8348201261272921, 0.8351921400764923, 0.8266397896959915, 0.8285337335310723, 0.8251797923134566, 0.8212585517735602, 0.8186130204473352, 0.8379827867228224, 0.8455587679101352, 0.8656294053559339, 0.8789591877920137, 0.8827361606703669, 0.8901725781523625, 0.8960314866329673, 0.8989357961329533, 0.899390437546699, 0.8995896892556821, 0.8982165657877145, 0.9007776144782631, 0.8996609013161252, 0.9013403712661506, 0.9041767817123381, 0.9053215360965225, 0.9077964433533732, 0.9131259751524368, 0.9141742880322172, 0.91486059335055]],