{
  "final_1": {
    "mean_score": 0.12618195546204025,
    "score_ORI": 0.15708847902379874,
    "score_PS": 0.057685104791230346,
    "score_AB": 0.16377228257109167
  },
  "final_2": {
    "mean_score": 0.16989724939894948,
    "score_ORI": 0.1126956646928633,
    "score_PS": 0.2511715577379323,
    "score_AB": 0.14582452576605287
  },
  "final_3": {
    "mean_score": 0.08310414927306058,
    "score_ORI": 0.08792352944027193,
    "score_PS": 0.11602500107024893,
    "score_AB": 0.04536391730866085
  },
  "final_4": {
    "mean_score": 0.10102296707123319,
    "score_ORI": 0.05969641618863197,
    "score_PS": 0.12179175596469483,
    "score_AB": 0.12158072906037276
  },
  "final_5": {
    "mean_score": 0.13529083315789006,
    "score_ORI": 0.13478710159844576,
    "score_PS": 0.14812728757822646,
    "score_AB": 0.12295811029699799
  }
}