{
  "final_1": {
    "mean_score": 0.6272670473082873,
    "score_OB": 0.6996757986871522,
    "score_PS": 0.7538453766269553,
    "score_AB": 0.4282799666107545
  },
  "final_2": {
    "mean_score": 0.5056966198728045,
    "score_OB": 0.5980973556233306,
    "score_PS": 0.7184233285915463,
    "score_AB": 0.20056917540353647
  },
  "final_3": {
    "mean_score": 0.9375616727666144,
    "score_OB": 0.8906131004937898,
    "score_PS": 0.9479879973412884,
    "score_AB": 0.9740839204647649
  },
  "final_4": {
    "mean_score": 0.37952833124596025,
    "score_OB": 0.5294059193408174,
    "score_PS": 0.540614146499822,
    "score_AB": 0.06856492789724122
  },
  "final_5": {
    "mean_score": 0.6671683154702005,
    "score_OB": 0.6839014569302688,
    "score_PS": 0.8147145578993316,
    "score_AB": 0.5028889315810012
  }
}