{
  "final_1": {
    "mean_score": 0.8721415543659589,
    "score_OB": 0.8157572579039449,
    "score_PS": 0.8987325858945149,
    "score_AB": 0.9019348192994164
  },
  "final_2": {
    "mean_score": 0.8736631811192841,
    "score_OB": 0.825197247422838,
    "score_PS": 0.9043594946017227,
    "score_AB": 0.8914328013332918
  },
  "final_3": {
    "mean_score": 0.4317630739407015,
    "score_OB": 0.4864343375507837,
    "score_PS": 0.4269234631307216,
    "score_AB": 0.3819314211405992
  },
  "final_4": {
    "mean_score": 0.8753107434836328,
    "score_OB": 0.8145931746594564,
    "score_PS": 0.909853522576149,
    "score_AB": 0.9014855332152932
  },
  "final_5": {
    "mean_score": 0.8792330076517407,
    "score_OB": 0.8532369973302542,
    "score_PS": 0.8931394110315645,
    "score_AB": 0.8913226145934037
  }
}