{
  "final_1": {
    "mean_score": 0.5712644163156501,
    "score_OB": 0.7694063606624455,
    "score_PS": 0.6683368496960359,
    "score_AB": 0.27605003858846855
  },
  "final_2": {
    "mean_score": 0.5333656984296404,
    "score_OB": 0.547078708310035,
    "score_PS": 0.6723951599493352,
    "score_AB": 0.3806232270295511
  },
  "final_3": {
    "mean_score": 0.9112428414521433,
    "score_OB": 0.8766269919930256,
    "score_PS": 0.9336404291660629,
    "score_AB": 0.9234611031973414
  },
  "final_4": {
    "mean_score": 0.8881394253090159,
    "score_OB": 0.8558527078447189,
    "score_PS": 0.9318218162369617,
    "score_AB": 0.8767437518453671
  },
  "final_5": {
    "mean_score": 0.8995754460956332,
    "score_OB": 0.8354867032877495,
    "score_PS": 0.9372575860417993,
    "score_AB": 0.9259820489573507
  }
}