{
  "final_1": {
    "mean_score": 0.5041916329868129,
    "score_OB": 0.518253014192225,
    "score_PS": 0.6570305215029404,
    "score_AB": 0.33729136326527354
  },
  "final_2": {
    "mean_score": 0.6082048868122517,
    "score_OB": 0.653122973565097,
    "score_PS": 0.6602425308186436,
    "score_AB": 0.5112491560530145
  },
  "final_3": {
    "mean_score": 0.5731863040794113,
    "score_OB": 0.628630325908782,
    "score_PS": 0.6376192107771341,
    "score_AB": 0.453309375552318
  },
  "final_4": {
    "mean_score": 0.8821101930487555,
    "score_OB": 0.8588434603286734,
    "score_PS": 0.9227436889926061,
    "score_AB": 0.864743429824987
  },
  "final_5": {
    "mean_score": 0.850703270443444,
    "score_OB": 0.8367991151468006,
    "score_PS": 0.8689692614953707,
    "score_AB": 0.8463414346881608
  }
}