{
  "final_1": {
    "mean_score": 0.07073227880451771,
    "score_OB": -0.027098801620399682,
    "score_PS": 0.19344315360661735,
    "score_AB": 0.04585248442733547
  },
  "final_2": {
    "mean_score": -0.04732035068490662,
    "score_OB": -0.039619981951843464,
    "score_PS": 0.00526453812144978,
    "score_AB": -0.10760560822432619
  },
  "final_3": {
    "mean_score": 0.13006844185082,
    "score_OB": 0.13017512148736043,
    "score_PS": 0.15118827087719233,
    "score_AB": 0.10884193318790725
  },
  "final_4": {
    "mean_score": 0.1449284804373758,
    "score_OB": 0.15866958788898078,
    "score_PS": 0.1864572514639865,
    "score_AB": 0.08965860195916009
  },
  "final_5": {
    "mean_score": 0.11498952264000535,
    "score_OB": 0.07548335216894975,
    "score_PS": 0.16789830845608644,
    "score_AB": 0.10158690729497988
  }
}